epoch,acc,loss
0,0.1,1.5659875869750977
0,0.25,1.4439494609832764
0,0.3,1.4054242372512815
0,0.25,1.4361125230789185
0,0.4,1.296380877494812
0,0.65,1.108389139175415
0,0.45,1.5297532081604004
0,0.45,2.3557960987091064
0,0.5,1.438922643661499
0,0.5,2.560697317123413
0,0.45,2.428582191467285
