epoch,acc,loss
1,0.0,1.6554005146026611
2,0.25,1.4488019943237305
3,0.55,1.412835717201233
4,0.5,1.330244779586792
5,0.4,1.250630259513855
6,0.55,1.0511213541030884
7,0.5,1.340235948562622
8,0.35,1.896945118904113
9,0.55,1.4022730588912964
10,0.5499999999999999,1.6831424236297607
11,0.5,2.0980803966522217
